{
  "repair_end": "2018-12-02 14:15:50.451895", 
  "repair_begin": "2018-12-02 14:15:44.808701", 
  "patches": [
    {
      "PATCH_DIFF_ORIG": "\\/var\\/lib\\/oar\\/.batch_job_bashrc: line 5: \\/home\\/tdurieux\\/.bashrc: No such file or directory\\n--- java_programs\\/QUICKSORT.java\\n+++ java_programs\\/QUICKSORT.java\\n@@ -23,7 +23,7 @@\\n \\t\\tfor (java.lang.Integer x : arr.subList(1, arr.size())) {\\n \\t\\t\\tif (x < pivot) {\\n \\t\\t\\t\\tlesser.add(x);\\n-\\t\\t\\t}else { \\t\\t\\t\\tif (x > pivot) {\\n+\\t\\t\\t}else { \\t\\t\\t\\tif (true) {\\n \\t\\t\\t\\t\\tgreater.add(x);\\n \\t\\t\\t\\t}}\\n \\t\\t}\\n\\n", 
      "patchhunks": [
        {
          "MODIFIED_FILE_PATH": "\\/tmp\\/jKali_QuixBugs_QUICKSORT_\\/.\\/output_astor\\/AstorMain-QUICKSORT-\\/\\/src\\/\\/variant-2_f\\/java_programs\\/QUICKSORT.java", 
          "ORIGINAL_CODE": "if (x > pivot) {\\n\\tgreater.add(x);\\n}", 
          "PATCH_HUNK_CODE": "if (true) {\\n\\tgreater.add(x);\\n}", 
          "LOCATION": "java_programs.QUICKSORT", 
          "BUGGY_CODE_TYPE": "CtIfImpl|CtBlockImpl", 
          "OPERATOR": "ReplaceIfBooleanOp", 
          "PATH": "\\/tmp\\/jKali_QuixBugs_QUICKSORT_\\/output_astor\\/AstorMain-QUICKSORT-\\/src\\/default\\/QUICKSORT.java", 
          "LINE": "26", 
          "MP_RANKING": "0", 
          "SUSPICIOUNESS": "0.289", 
          "PATCH_HUNK_TYPE": "CtIfImpl|CtBlockImpl"
        }
      ], 
      "GENERATION": "1", 
      "VARIANT_ID": "2", 
      "TIME": "0", 
      "VALIDATION": "|true|0|13|[]|", 
      "FOLDER_SOLUTION_CODE": "\\/tmp\\/jKali_QuixBugs_QUICKSORT_\\/.\\/output_astor\\/AstorMain-QUICKSORT-\\/\\/bin\\/\\/variant-2"
    }
  ]
}