{
  "repair_end": "2018-12-02 11:24:08.507471", 
  "repair_begin": "2018-12-02 11:24:05.652285", 
  "patches": [
    {
      "diff": "--- /HANOI.java\n+++ /HANOI.java\n@@ -24,3 +24,10 @@\n             crap_set.remove(end);\n-            int helper = crap_set.poll();\n+            } else {\n+                int helper;\n+                if (crap_set.poll() == null) {\n+                    helper = end;\n+                } else {\n+                    helper = crap_set.poll();\n+                }\n+            }\n             steps.addAll(hanoi(height-1, start, helper));\n", 
      "locations": [
        {
          "executionCount": 0, 
          "line": 25, 
          "class": "java_programs.HANOI", 
          "sourceStart": 689, 
          "sourceEnd": 703
        }
      ]
    }
  ]
}