{
  "repair_end": "2018-12-02 11:18:34.265607", 
  "repair_begin": "2018-12-02 11:18:30.905272", 
  "patches": [
    {
      "diff": "--- /tmp/Kali_QuixBugs_DEPTH_FIRST_SEARCH_/src/main/java/Node.java\t2018-12-02 05:18:27.133698491 -0500\n+++ /tmp/Kali_QuixBugs_DEPTH_FIRST_SEARCH_/patches_v986/Patch_1/patched/tmp/Kali_QuixBugs_DEPTH_FIRST_SEARCH_/src/main/java/Node.java\t2018-12-02 05:18:33.921682060 -0500\n@@ -47,7 +47,9 @@\n     }\n \n     public void setSuccessors(ArrayList<Node> successors) {\n-        this.successors = successors;\n+        if (true)\n+\t\t\treturn;\n+\t\tthis.successors = successors;\n     }\n \n     public void setPredecessors(ArrayList<Node> predecessors) {\n\n\n", 
      "edits": [
        {
          "path": "src/main/java/Node.java", 
          "line": 50, 
          "faulty": "this.successors=successors;", 
          "type": "InsertReturn true"
        }
      ]
    }
  ]
}