{
  "repair_end": "2018-12-02 15:35:32.112736", 
  "repair_begin": "2018-12-02 15:35:23.514857", 
  "patches": [
    {
      "PATCH_DIFF_ORIG": "\\/var\\/lib\\/oar\\/.batch_job_bashrc: line 5: \\/home\\/tdurieux\\/.bashrc: No such file or directory\\n--- java_programs\\/Node.java\\n+++ java_programs\\/Node.java\\n@@ -46,8 +46,8 @@\\n \\t\\tthis.successor = successor;\\n \\t}\\n \\n-\\tpublic void setSuccessors(java.util.ArrayList<java_programs.Node> successors) {\\n-\\t\\tthis.successors = successors;\\n+\\tpublic void setSuccessors(java.util.ArrayList<java_programs.Node> successors) { \\t\\tthis.value = value;\\n+\\n \\t}\\n \\n \\tpublic void setPredecessors(java.util.ArrayList<java_programs.Node> predecessors) {\\n\\n", 
      "patchhunks": [
        {
          "MODIFIED_FILE_PATH": "\\/tmp\\/jGenProg_QuixBugs_DEPTH_FIRST_SEARCH_\\/.\\/output_astor\\/AstorMain-DEPTH_FIRST_SEARCH-\\/\\/src\\/\\/variant-34_f\\/java_programs\\/Node.java", 
          "ORIGINAL_CODE": "this.successors = successors", 
          "INGREDIENT_SCOPE": "LOCAL", 
          "PATCH_HUNK_CODE": "this.value = value", 
          "INGREDIENT_PARENT": "this.value = value", 
          "LOCATION": "java_programs.Node", 
          "BUGGY_CODE_TYPE": "CtAssignmentImpl|CtBlockImpl", 
          "OPERATOR": "ReplaceOp", 
          "PATH": "\\/tmp\\/jGenProg_QuixBugs_DEPTH_FIRST_SEARCH_\\/output_astor\\/AstorMain-DEPTH_FIRST_SEARCH-\\/src\\/default\\/Node.java", 
          "LINE": "50", 
          "MP_RANKING": "0", 
          "SUSPICIOUNESS": "1", 
          "PATCH_HUNK_TYPE": "CtAssignmentImpl|CtBlockImpl"
        }
      ], 
      "GENERATION": "17", 
      "VARIANT_ID": "34", 
      "TIME": "3", 
      "VALIDATION": "|true|0|5|[]|", 
      "FOLDER_SOLUTION_CODE": "\\/tmp\\/jGenProg_QuixBugs_DEPTH_FIRST_SEARCH_\\/.\\/output_astor\\/AstorMain-DEPTH_FIRST_SEARCH-\\/\\/bin\\/\\/variant-34"
    }
  ]
}