{
  "repair_end": "2018-12-02 11:39:07.753926", 
  "repair_begin": "2018-12-02 11:36:14.594598", 
  "patches": [
    {
      "diff": "--- /tmp/Arja_QuixBugs_DEPTH_FIRST_SEARCH_/src/main/java/Node.java\t2018-12-02 05:36:11.048343665 -0500\n+++ /tmp/Arja_QuixBugs_DEPTH_FIRST_SEARCH_/patches_xts7/Patch_1/patched/tmp/Arja_QuixBugs_DEPTH_FIRST_SEARCH_/src/main/java/Node.java\t2018-12-02 05:36:17.456456508 -0500\n@@ -47,7 +47,6 @@\n     }\n \n     public void setSuccessors(ArrayList<Node> successors) {\n-        this.successors = successors;\n     }\n \n     public void setPredecessors(ArrayList<Node> predecessors) {\n\n\n", 
      "edits": [
        {
          "path": "src/main/java/Node.java", 
          "line": 50, 
          "faulty": "this.successors=successors;", 
          "type": "Delete", 
          "seed": "this.value=value;"
        }
      ]
    }, 
    {
      "diff": "--- /tmp/Arja_QuixBugs_DEPTH_FIRST_SEARCH_/src/main/java/Node.java\t2018-12-02 05:36:11.048343665 -0500\n+++ /tmp/Arja_QuixBugs_DEPTH_FIRST_SEARCH_/patches_xts7/Patch_485/patched/tmp/Arja_QuixBugs_DEPTH_FIRST_SEARCH_/src/main/java/Node.java\t2018-12-02 05:37:30.513093004 -0500\n@@ -47,7 +47,7 @@\n     }\n \n     public void setSuccessors(ArrayList<Node> successors) {\n-        this.successors = successors;\n+        this.successor = null;\n     }\n \n     public void setPredecessors(ArrayList<Node> predecessors) {\n@@ -59,7 +59,8 @@\n     }\n \n     public ArrayList<Node> getSuccessors() {\n-        return successors;\n+        this.successor = null;\n+\t\treturn successors;\n     }\n     public ArrayList<Node> getPredecessors() {\n         return predecessors;\n\n\n", 
      "edits": [
        {
          "path": "src/main/java/Node.java", 
          "line": 50, 
          "faulty": "this.successors=successors;", 
          "type": "Replace", 
          "seed": "this.successor=null;"
        }, 
        {
          "path": "src/main/java/Node.java", 
          "line": 62, 
          "faulty": "return successors;", 
          "type": "InsertBefore", 
          "seed": "this.successor=null;"
        }
      ]
    }, 
    {
      "diff": "--- /tmp/Arja_QuixBugs_DEPTH_FIRST_SEARCH_/src/main/java/Node.java\t2018-12-02 05:36:11.048343665 -0500\n+++ /tmp/Arja_QuixBugs_DEPTH_FIRST_SEARCH_/patches_xts7/Patch_302/patched/tmp/Arja_QuixBugs_DEPTH_FIRST_SEARCH_/src/main/java/Node.java\t2018-12-02 05:37:02.804941690 -0500\n@@ -47,7 +47,7 @@\n     }\n \n     public void setSuccessors(ArrayList<Node> successors) {\n-        this.successors = successors;\n+        this.value = value;\n     }\n \n     public void setPredecessors(ArrayList<Node> predecessors) {\n@@ -59,7 +59,8 @@\n     }\n \n     public ArrayList<Node> getSuccessors() {\n-        return successors;\n+        this.successor = null;\n+\t\treturn successors;\n     }\n     public ArrayList<Node> getPredecessors() {\n         return predecessors;\n\n\n", 
      "edits": [
        {
          "path": "src/main/java/Node.java", 
          "line": 50, 
          "faulty": "this.successors=successors;", 
          "type": "Replace", 
          "seed": "this.value=value;"
        }, 
        {
          "path": "src/main/java/Node.java", 
          "line": 62, 
          "faulty": "return successors;", 
          "type": "InsertBefore", 
          "seed": "this.successor=null;"
        }
      ]
    }, 
    {
      "diff": "--- /tmp/Arja_QuixBugs_DEPTH_FIRST_SEARCH_/src/main/java/Node.java\t2018-12-02 05:36:11.048343665 -0500\n+++ /tmp/Arja_QuixBugs_DEPTH_FIRST_SEARCH_/patches_xts7/Patch_32/patched/tmp/Arja_QuixBugs_DEPTH_FIRST_SEARCH_/src/main/java/Node.java\t2018-12-02 05:36:22.512535827 -0500\n@@ -47,7 +47,7 @@\n     }\n \n     public void setSuccessors(ArrayList<Node> successors) {\n-        this.successors = successors;\n+        this.value = value;\n     }\n \n     public void setPredecessors(ArrayList<Node> predecessors) {\n\n\n", 
      "edits": [
        {
          "path": "src/main/java/Node.java", 
          "line": 50, 
          "faulty": "this.successors=successors;", 
          "type": "Replace", 
          "seed": "this.value=value;"
        }
      ]
    }, 
    {
      "diff": "--- /tmp/Arja_QuixBugs_DEPTH_FIRST_SEARCH_/src/main/java/Node.java\t2018-12-02 05:36:11.048343665 -0500\n+++ /tmp/Arja_QuixBugs_DEPTH_FIRST_SEARCH_/patches_xts7/Patch_110/patched/tmp/Arja_QuixBugs_DEPTH_FIRST_SEARCH_/src/main/java/Node.java\t2018-12-02 05:36:34.532698135 -0500\n@@ -47,7 +47,7 @@\n     }\n \n     public void setSuccessors(ArrayList<Node> successors) {\n-        this.successors = successors;\n+        this.predecessors = new ArrayList<>();\n     }\n \n     public void setPredecessors(ArrayList<Node> predecessors) {\n@@ -59,7 +59,8 @@\n     }\n \n     public ArrayList<Node> getSuccessors() {\n-        return successors;\n+        this.value = value;\n+\t\treturn successors;\n     }\n     public ArrayList<Node> getPredecessors() {\n         return predecessors;\n\n\n", 
      "edits": [
        {
          "path": "src/main/java/Node.java", 
          "line": 50, 
          "faulty": "this.successors=successors;", 
          "type": "Replace", 
          "seed": "this.predecessors=new ArrayList<>();"
        }, 
        {
          "path": "src/main/java/Node.java", 
          "line": 62, 
          "faulty": "return successors;", 
          "type": "InsertBefore", 
          "seed": "this.value=value;"
        }
      ]
    }, 
    {
      "diff": "--- /tmp/Arja_QuixBugs_DEPTH_FIRST_SEARCH_/src/main/java/Node.java\t2018-12-02 05:36:11.048343665 -0500\n+++ /tmp/Arja_QuixBugs_DEPTH_FIRST_SEARCH_/patches_xts7/Patch_196/patched/tmp/Arja_QuixBugs_DEPTH_FIRST_SEARCH_/src/main/java/Node.java\t2018-12-02 05:36:47.212840721 -0500\n@@ -47,7 +47,6 @@\n     }\n \n     public void setSuccessors(ArrayList<Node> successors) {\n-        this.successors = successors;\n     }\n \n     public void setPredecessors(ArrayList<Node> predecessors) {\n\n\n", 
      "edits": [
        {
          "path": "src/main/java/Node.java", 
          "line": 50, 
          "faulty": "this.successors=successors;", 
          "type": "Delete", 
          "seed": "this.successor=null;"
        }, 
        {
          "path": "src/main/java/Node.java", 
          "line": 62, 
          "faulty": "return successors;", 
          "type": "Replace", 
          "seed": "return successors;"
        }
      ]
    }, 
    {
      "diff": "--- /tmp/Arja_QuixBugs_DEPTH_FIRST_SEARCH_/src/main/java/Node.java\t2018-12-02 05:36:11.048343665 -0500\n+++ /tmp/Arja_QuixBugs_DEPTH_FIRST_SEARCH_/patches_xts7/Patch_837/patched/tmp/Arja_QuixBugs_DEPTH_FIRST_SEARCH_/src/main/java/Node.java\t2018-12-02 05:38:22.129380895 -0500\n@@ -47,7 +47,6 @@\n     }\n \n     public void setSuccessors(ArrayList<Node> successors) {\n-        this.successors = successors;\n     }\n \n     public void setPredecessors(ArrayList<Node> predecessors) {\n@@ -59,7 +58,8 @@\n     }\n \n     public ArrayList<Node> getSuccessors() {\n-        return successors;\n+        this.predecessors = new ArrayList<>();\n+\t\treturn successors;\n     }\n     public ArrayList<Node> getPredecessors() {\n         return predecessors;\n\n\n", 
      "edits": [
        {
          "path": "src/main/java/Node.java", 
          "line": 50, 
          "faulty": "this.successors=successors;", 
          "type": "Delete", 
          "seed": "this.predecessors=new ArrayList<>();"
        }, 
        {
          "path": "src/main/java/Node.java", 
          "line": 62, 
          "faulty": "return successors;", 
          "type": "InsertBefore", 
          "seed": "this.predecessors=new ArrayList<>();"
        }
      ]
    }, 
    {
      "diff": "--- /tmp/Arja_QuixBugs_DEPTH_FIRST_SEARCH_/src/main/java/Node.java\t2018-12-02 05:36:11.048343665 -0500\n+++ /tmp/Arja_QuixBugs_DEPTH_FIRST_SEARCH_/patches_xts7/Patch_169/patched/tmp/Arja_QuixBugs_DEPTH_FIRST_SEARCH_/src/main/java/Node.java\t2018-12-02 05:36:43.240798485 -0500\n@@ -47,7 +47,6 @@\n     }\n \n     public void setSuccessors(ArrayList<Node> successors) {\n-        this.successors = successors;\n     }\n \n     public void setPredecessors(ArrayList<Node> predecessors) {\n@@ -59,7 +58,8 @@\n     }\n \n     public ArrayList<Node> getSuccessors() {\n-        return successors;\n+        this.value = value;\n+\t\treturn successors;\n     }\n     public ArrayList<Node> getPredecessors() {\n         return predecessors;\n\n\n", 
      "edits": [
        {
          "path": "src/main/java/Node.java", 
          "line": 50, 
          "faulty": "this.successors=successors;", 
          "type": "Delete", 
          "seed": "this.predecessors=new ArrayList<>();"
        }, 
        {
          "path": "src/main/java/Node.java", 
          "line": 62, 
          "faulty": "return successors;", 
          "type": "InsertBefore", 
          "seed": "this.value=value;"
        }
      ]
    }, 
    {
      "diff": "--- /tmp/Arja_QuixBugs_DEPTH_FIRST_SEARCH_/src/main/java/Node.java\t2018-12-02 05:36:11.048343665 -0500\n+++ /tmp/Arja_QuixBugs_DEPTH_FIRST_SEARCH_/patches_xts7/Patch_11/patched/tmp/Arja_QuixBugs_DEPTH_FIRST_SEARCH_/src/main/java/Node.java\t2018-12-02 05:36:19.220485190 -0500\n@@ -47,7 +47,7 @@\n     }\n \n     public void setSuccessors(ArrayList<Node> successors) {\n-        this.successors = successors;\n+        this.successor = null;\n     }\n \n     public void setPredecessors(ArrayList<Node> predecessors) {\n\n\n", 
      "edits": [
        {
          "path": "src/main/java/Node.java", 
          "line": 50, 
          "faulty": "this.successors=successors;", 
          "type": "Replace", 
          "seed": "this.successor=null;"
        }
      ]
    }, 
    {
      "diff": "--- /tmp/Arja_QuixBugs_DEPTH_FIRST_SEARCH_/src/main/java/Node.java\t2018-12-02 05:36:11.048343665 -0500\n+++ /tmp/Arja_QuixBugs_DEPTH_FIRST_SEARCH_/patches_xts7/Patch_732/patched/tmp/Arja_QuixBugs_DEPTH_FIRST_SEARCH_/src/main/java/Node.java\t2018-12-02 05:38:06.613293597 -0500\n@@ -47,7 +47,6 @@\n     }\n \n     public void setSuccessors(ArrayList<Node> successors) {\n-        this.successors = successors;\n     }\n \n     public void setPredecessors(ArrayList<Node> predecessors) {\n@@ -59,7 +58,8 @@\n     }\n \n     public ArrayList<Node> getSuccessors() {\n-        return successors;\n+        this.successor = null;\n+\t\treturn successors;\n     }\n     public ArrayList<Node> getPredecessors() {\n         return predecessors;\n\n\n", 
      "edits": [
        {
          "path": "src/main/java/Node.java", 
          "line": 50, 
          "faulty": "this.successors=successors;", 
          "type": "Delete", 
          "seed": "this.successor=null;"
        }, 
        {
          "path": "src/main/java/Node.java", 
          "line": 62, 
          "faulty": "return successors;", 
          "type": "InsertBefore", 
          "seed": "this.successor=null;"
        }
      ]
    }, 
    {
      "diff": "--- /tmp/Arja_QuixBugs_DEPTH_FIRST_SEARCH_/src/main/java/Node.java\t2018-12-02 05:36:11.048343665 -0500\n+++ /tmp/Arja_QuixBugs_DEPTH_FIRST_SEARCH_/patches_xts7/Patch_217/patched/tmp/Arja_QuixBugs_DEPTH_FIRST_SEARCH_/src/main/java/Node.java\t2018-12-02 05:36:50.248870934 -0500\n@@ -47,7 +47,6 @@\n     }\n \n     public void setSuccessors(ArrayList<Node> successors) {\n-        this.successors = successors;\n     }\n \n     public void setPredecessors(ArrayList<Node> predecessors) {\n@@ -59,7 +58,8 @@\n     }\n \n     public ArrayList<Node> getSuccessors() {\n-        return successors;\n+        this.successors = successors;\n+\t\treturn successors;\n     }\n     public ArrayList<Node> getPredecessors() {\n         return predecessors;\n\n\n", 
      "edits": [
        {
          "path": "src/main/java/Node.java", 
          "line": 50, 
          "faulty": "this.successors=successors;", 
          "type": "Delete", 
          "seed": "this.value=value;"
        }, 
        {
          "path": "src/main/java/Node.java", 
          "line": 62, 
          "faulty": "return successors;", 
          "type": "InsertBefore", 
          "seed": "this.successors=successors;"
        }
      ]
    }, 
    {
      "diff": "--- /tmp/Arja_QuixBugs_DEPTH_FIRST_SEARCH_/src/main/java/Node.java\t2018-12-02 05:36:11.048343665 -0500\n+++ /tmp/Arja_QuixBugs_DEPTH_FIRST_SEARCH_/patches_xts7/Patch_52/patched/tmp/Arja_QuixBugs_DEPTH_FIRST_SEARCH_/src/main/java/Node.java\t2018-12-02 05:36:25.580580443 -0500\n@@ -47,7 +47,7 @@\n     }\n \n     public void setSuccessors(ArrayList<Node> successors) {\n-        this.successors = successors;\n+        this.value = value;\n     }\n \n     public void setPredecessors(ArrayList<Node> predecessors) {\n@@ -59,7 +59,8 @@\n     }\n \n     public ArrayList<Node> getSuccessors() {\n-        return successors;\n+        this.predecessors = new ArrayList<>();\n+\t\treturn successors;\n     }\n     public ArrayList<Node> getPredecessors() {\n         return predecessors;\n\n\n", 
      "edits": [
        {
          "path": "src/main/java/Node.java", 
          "line": 50, 
          "faulty": "this.successors=successors;", 
          "type": "Replace", 
          "seed": "this.value=value;"
        }, 
        {
          "path": "src/main/java/Node.java", 
          "line": 62, 
          "faulty": "return successors;", 
          "type": "InsertBefore", 
          "seed": "this.predecessors=new ArrayList<>();"
        }
      ]
    }, 
    {
      "diff": "--- /tmp/Arja_QuixBugs_DEPTH_FIRST_SEARCH_/src/main/java/Node.java\t2018-12-02 05:36:11.048343665 -0500\n+++ /tmp/Arja_QuixBugs_DEPTH_FIRST_SEARCH_/patches_xts7/Patch_95/patched/tmp/Arja_QuixBugs_DEPTH_FIRST_SEARCH_/src/main/java/Node.java\t2018-12-02 05:36:32.404671786 -0500\n@@ -47,7 +47,7 @@\n     }\n \n     public void setSuccessors(ArrayList<Node> successors) {\n-        this.successors = successors;\n+        this.predecessors = new ArrayList<>();\n     }\n \n     public void setPredecessors(ArrayList<Node> predecessors) {\n@@ -59,7 +59,8 @@\n     }\n \n     public ArrayList<Node> getSuccessors() {\n-        return successors;\n+        this.successor = null;\n+\t\treturn successors;\n     }\n     public ArrayList<Node> getPredecessors() {\n         return predecessors;\n\n\n", 
      "edits": [
        {
          "path": "src/main/java/Node.java", 
          "line": 50, 
          "faulty": "this.successors=successors;", 
          "type": "Replace", 
          "seed": "this.predecessors=new ArrayList<>();"
        }, 
        {
          "path": "src/main/java/Node.java", 
          "line": 62, 
          "faulty": "return successors;", 
          "type": "InsertBefore", 
          "seed": "this.successor=null;"
        }
      ]
    }, 
    {
      "diff": "--- /tmp/Arja_QuixBugs_DEPTH_FIRST_SEARCH_/src/main/java/Node.java\t2018-12-02 05:36:11.048343665 -0500\n+++ /tmp/Arja_QuixBugs_DEPTH_FIRST_SEARCH_/patches_xts7/Patch_132/patched/tmp/Arja_QuixBugs_DEPTH_FIRST_SEARCH_/src/main/java/Node.java\t2018-12-02 05:36:37.796737549 -0500\n@@ -47,7 +47,7 @@\n     }\n \n     public void setSuccessors(ArrayList<Node> successors) {\n-        this.successors = successors;\n+        this.predecessors = new ArrayList<>();\n     }\n \n     public void setPredecessors(ArrayList<Node> predecessors) {\n\n\n", 
      "edits": [
        {
          "path": "src/main/java/Node.java", 
          "line": 50, 
          "faulty": "this.successors=successors;", 
          "type": "Replace", 
          "seed": "this.predecessors=new ArrayList<>();"
        }
      ]
    }, 
    {
      "diff": "--- /tmp/Arja_QuixBugs_DEPTH_FIRST_SEARCH_/src/main/java/Node.java\t2018-12-02 05:36:11.048343665 -0500\n+++ /tmp/Arja_QuixBugs_DEPTH_FIRST_SEARCH_/patches_xts7/Patch_619/patched/tmp/Arja_QuixBugs_DEPTH_FIRST_SEARCH_/src/main/java/Node.java\t2018-12-02 05:37:50.065201191 -0500\n@@ -47,7 +47,7 @@\n     }\n \n     public void setSuccessors(ArrayList<Node> successors) {\n-        this.successors = successors;\n+        this.successors = new ArrayList<>();\n     }\n \n     public void setPredecessors(ArrayList<Node> predecessors) {\n@@ -59,7 +59,8 @@\n     }\n \n     public ArrayList<Node> getSuccessors() {\n-        return successors;\n+        this.successor = null;\n+\t\treturn successors;\n     }\n     public ArrayList<Node> getPredecessors() {\n         return predecessors;\n\n\n", 
      "edits": [
        {
          "path": "src/main/java/Node.java", 
          "line": 50, 
          "faulty": "this.successors=successors;", 
          "type": "Replace", 
          "seed": "this.successors=new ArrayList<>();"
        }, 
        {
          "path": "src/main/java/Node.java", 
          "line": 62, 
          "faulty": "return successors;", 
          "type": "InsertBefore", 
          "seed": "this.successor=null;"
        }
      ]
    }, 
    {
      "diff": "--- /tmp/Arja_QuixBugs_DEPTH_FIRST_SEARCH_/src/main/java/Node.java\t2018-12-02 05:36:11.048343665 -0500\n+++ /tmp/Arja_QuixBugs_DEPTH_FIRST_SEARCH_/patches_xts7/Patch_491/patched/tmp/Arja_QuixBugs_DEPTH_FIRST_SEARCH_/src/main/java/Node.java\t2018-12-02 05:37:31.245097034 -0500\n@@ -47,7 +47,7 @@\n     }\n \n     public void setSuccessors(ArrayList<Node> successors) {\n-        this.successors = successors;\n+        this.predecessors = new ArrayList<>();\n     }\n \n     public void setPredecessors(ArrayList<Node> predecessors) {\n@@ -59,7 +59,8 @@\n     }\n \n     public ArrayList<Node> getSuccessors() {\n-        return successors;\n+        this.predecessors = new ArrayList<>();\n+\t\treturn successors;\n     }\n     public ArrayList<Node> getPredecessors() {\n         return predecessors;\n\n\n", 
      "edits": [
        {
          "path": "src/main/java/Node.java", 
          "line": 50, 
          "faulty": "this.successors=successors;", 
          "type": "Replace", 
          "seed": "this.predecessors=new ArrayList<>();"
        }, 
        {
          "path": "src/main/java/Node.java", 
          "line": 62, 
          "faulty": "return successors;", 
          "type": "InsertBefore", 
          "seed": "this.predecessors=new ArrayList<>();"
        }
      ]
    }, 
    {
      "diff": "--- /tmp/Arja_QuixBugs_DEPTH_FIRST_SEARCH_/src/main/java/Node.java\t2018-12-02 05:36:11.048343665 -0500\n+++ /tmp/Arja_QuixBugs_DEPTH_FIRST_SEARCH_/patches_xts7/Patch_81/patched/tmp/Arja_QuixBugs_DEPTH_FIRST_SEARCH_/src/main/java/Node.java\t2018-12-02 05:36:30.332645458 -0500\n@@ -47,7 +47,7 @@\n     }\n \n     public void setSuccessors(ArrayList<Node> successors) {\n-        this.successors = successors;\n+        this.successors = new ArrayList<>();\n     }\n \n     public void setPredecessors(ArrayList<Node> predecessors) {\n\n\n", 
      "edits": [
        {
          "path": "src/main/java/Node.java", 
          "line": 50, 
          "faulty": "this.successors=successors;", 
          "type": "Replace", 
          "seed": "this.successors=new ArrayList<>();"
        }
      ]
    }, 
    {
      "diff": "--- /tmp/Arja_QuixBugs_DEPTH_FIRST_SEARCH_/src/main/java/Node.java\t2018-12-02 05:36:11.048343665 -0500\n+++ /tmp/Arja_QuixBugs_DEPTH_FIRST_SEARCH_/patches_xts7/Patch_590/patched/tmp/Arja_QuixBugs_DEPTH_FIRST_SEARCH_/src/main/java/Node.java\t2018-12-02 05:37:45.905178080 -0500\n@@ -47,7 +47,7 @@\n     }\n \n     public void setSuccessors(ArrayList<Node> successors) {\n-        this.successors = successors;\n+        this.successor = null;\n     }\n \n     public void setPredecessors(ArrayList<Node> predecessors) {\n@@ -59,7 +59,8 @@\n     }\n \n     public ArrayList<Node> getSuccessors() {\n-        return successors;\n+        this.value = value;\n+\t\treturn successors;\n     }\n     public ArrayList<Node> getPredecessors() {\n         return predecessors;\n\n\n", 
      "edits": [
        {
          "path": "src/main/java/Node.java", 
          "line": 50, 
          "faulty": "this.successors=successors;", 
          "type": "Replace", 
          "seed": "this.successor=null;"
        }, 
        {
          "path": "src/main/java/Node.java", 
          "line": 62, 
          "faulty": "return successors;", 
          "type": "InsertBefore", 
          "seed": "this.value=value;"
        }
      ]
    }
  ]
}