{
  "repair_end": "2018-12-02 11:18:14.920688", 
  "repair_begin": "2018-12-02 11:18:09.722908", 
  "patches": [
    {
      "diff": "--- /tmp/Kali_QuixBugs_QUICKSORT_/src/main/java/QUICKSORT.java\t2018-12-02 05:18:03.911398987 -0500\n+++ /tmp/Kali_QuixBugs_QUICKSORT_/patches_hww4/Patch_1/patched/tmp/Kali_QuixBugs_QUICKSORT_/src/main/java/QUICKSORT.java\t2018-12-02 05:18:14.555399230 -0500\n@@ -23,7 +23,7 @@\n         for (Integer x : arr.subList(1, arr.size())) {\n             if (x < pivot) {\n                 lesser.add(x);\n-            } else if (x > pivot) {\n+            } else if (true) {\n                 greater.add(x);\n             }\n         }\n\n\n", 
      "edits": [
        {
          "path": "src/main/java/QUICKSORT.java", 
          "line": 26, 
          "faulty": "if (x > pivot) {\n  greater.add(x);\n}", 
          "type": "RedirectBranch true"
        }
      ]
    }
  ]
}