{
  "repair_end": "2018-12-02 14:27:38.662740", 
  "repair_begin": "2018-12-02 14:27:32.737223", 
  "patches": [
    {
      "PATCH_DIFF_ORIG": "\\/var\\/lib\\/oar\\/.batch_job_bashrc: line 5: \\/home\\/tdurieux\\/.bashrc: No such file or directory\\n--- java_programs\\/Node.java\\n+++ java_programs\\/Node.java\\n@@ -47,7 +47,7 @@\\n \\t}\\n \\n \\tpublic void setSuccessors(java.util.ArrayList<java_programs.Node> successors) {\\n-\\t\\tthis.successors = successors;\\n+\\n \\t}\\n \\n \\tpublic void setPredecessors(java.util.ArrayList<java_programs.Node> predecessors) {\\n\\n", 
      "patchhunks": [
        {
          "MODIFIED_FILE_PATH": "\\/tmp\\/jKali_QuixBugs_DEPTH_FIRST_SEARCH_\\/.\\/output_astor\\/AstorMain-DEPTH_FIRST_SEARCH-\\/\\/src\\/\\/variant-2_f\\/java_programs\\/Node.java", 
          "ORIGINAL_CODE": "this.successors = successors", 
          "LOCATION": "java_programs.Node", 
          "BUGGY_CODE_TYPE": "CtAssignmentImpl|CtBlockImpl", 
          "OPERATOR": "RemoveOp", 
          "PATH": "\\/tmp\\/jKali_QuixBugs_DEPTH_FIRST_SEARCH_\\/output_astor\\/AstorMain-DEPTH_FIRST_SEARCH-\\/src\\/default\\/Node.java", 
          "LINE": "50", 
          "MP_RANKING": "0", 
          "SUSPICIOUNESS": "1"
        }
      ], 
      "GENERATION": "1", 
      "VARIANT_ID": "2", 
      "TIME": "0", 
      "VALIDATION": "|true|0|5|[]|", 
      "FOLDER_SOLUTION_CODE": "\\/tmp\\/jKali_QuixBugs_DEPTH_FIRST_SEARCH_\\/.\\/output_astor\\/AstorMain-DEPTH_FIRST_SEARCH-\\/\\/bin\\/\\/variant-2"
    }
  ]
}