{
  "repair_end": "2018-12-02 18:36:08.990500", 
  "repair_begin": "2018-12-02 18:31:16.048111", 
  "patches": [
    {
      "diff": "--- /tmp/RSRepair_QuixBugs_QUICKSORT_/src/main/java/QUICKSORT.java\t2018-12-02 12:31:12.235565775 -0500\n+++ /tmp/RSRepair_QuixBugs_QUICKSORT_/patches_4rrc/Patch_546/patched/tmp/RSRepair_QuixBugs_QUICKSORT_/src/main/java/QUICKSORT.java\t2018-12-02 12:34:11.456017610 -0500\n@@ -23,9 +23,8 @@\n         for (Integer x : arr.subList(1, arr.size())) {\n             if (x < pivot) {\n                 lesser.add(x);\n-            } else if (x > pivot) {\n-                greater.add(x);\n-            }\n+            } else\n+\t\t\t\tgreater.add(x);\n         }\n         ArrayList<Integer> middle = new ArrayList<Integer>();\n         middle.add(pivot);\n\n\n", 
      "edits": [
        {
          "path": "src/main/java/QUICKSORT.java", 
          "line": 26, 
          "faulty": "if (x > pivot) {\n  greater.add(x);\n}", 
          "type": "Replace", 
          "seed": "greater.add(x);"
        }
      ]
    }
  ]
}