{
  "repair_end": "2018-12-02 18:03:38.826986", 
  "repair_begin": "2018-12-02 18:03:34.776810", 
  "patches": [
    {
      "nb_test_that_execute_statement": 12, 
      "patchLocation": {
        "line": 26, 
        "class": "java_programs.QUICKSORT"
      }, 
      "patchType": "CONDITIONAL", 
      "patch": "--- a/src/main/java/QUICKSORT.java\n+++ b/src/main/java/QUICKSORT.java\n@@ -25,3 +25,3 @@\n                 lesser.add(x);\n-            } else if (x > pivot) {\n+            } else if (true) {\n                 greater.add(x);\n"
    }
  ]
}