{
  "repair_end": "2018-12-02 11:24:23.307434", 
  "repair_begin": "2018-12-02 11:24:20.560527", 
  "patches": [
    {
      "diff": "--- /DETECT_CYCLE.java\n+++ /DETECT_CYCLE.java\n@@ -17,6 +17,14 @@\n         while (true) {\n-            if (hare.getSuccessor() == null)\n+            if (hare == null) {\n+                if ( node.getSuccessor() == null)\n                 return false;\n+            } else {\n+                if (hare.getSuccessor() == null)\n+                return false;\n+            }\n \n             tortoise = tortoise.getSuccessor();\n+            if (hare == null) {\n+                return Boolean.FALSE;\n+            }\n             hare = hare.getSuccessor().getSuccessor();\n", 
      "locations": [
        {
          "executionCount": 0, 
          "line": 22, 
          "class": "java_programs.DETECT_CYCLE", 
          "sourceStart": 480, 
          "sourceEnd": 483
        }, 
        {
          "executionCount": 0, 
          "line": 18, 
          "class": "java_programs.DETECT_CYCLE", 
          "sourceStart": 353, 
          "sourceEnd": 356
        }
      ]
    }, 
    {
      "diff": "--- /DETECT_CYCLE.java\n+++ /DETECT_CYCLE.java\n@@ -17,6 +17,14 @@\n         while (true) {\n-            if (hare.getSuccessor() == null)\n+            if (hare == null) {\n+                if ( node.getSuccessor() == null)\n                 return false;\n+            } else {\n+                if (hare.getSuccessor() == null)\n+                return false;\n+            }\n \n             tortoise = tortoise.getSuccessor();\n+            if (hare == null) {\n+                return false;\n+            }\n             hare = hare.getSuccessor().getSuccessor();\n", 
      "locations": [
        {
          "executionCount": 0, 
          "line": 22, 
          "class": "java_programs.DETECT_CYCLE", 
          "sourceStart": 480, 
          "sourceEnd": 483
        }, 
        {
          "executionCount": 0, 
          "line": 18, 
          "class": "java_programs.DETECT_CYCLE", 
          "sourceStart": 353, 
          "sourceEnd": 356
        }
      ]
    }, 
    {
      "diff": "--- /DETECT_CYCLE.java\n+++ /DETECT_CYCLE.java\n@@ -17,4 +17,9 @@\n         while (true) {\n-            if (hare.getSuccessor() == null)\n+            if (hare == null) {\n+                if ( tortoise.getSuccessor() == null)\n                 return false;\n+            } else {\n+                if (hare.getSuccessor() == null)\n+                return false;\n+            }\n \n", 
      "locations": [
        {
          "executionCount": 0, 
          "line": 18, 
          "class": "java_programs.DETECT_CYCLE", 
          "sourceStart": 353, 
          "sourceEnd": 356
        }
      ]
    }, 
    {
      "diff": "--- /DETECT_CYCLE.java\n+++ /DETECT_CYCLE.java\n@@ -17,2 +17,5 @@\n         while (true) {\n+            if (hare == null) {\n+                hare = tortoise;\n+            }\n             if (hare.getSuccessor() == null)\n", 
      "locations": [
        {
          "executionCount": 0, 
          "line": 18, 
          "class": "java_programs.DETECT_CYCLE", 
          "sourceStart": 353, 
          "sourceEnd": 356
        }
      ]
    }, 
    {
      "diff": "--- /DETECT_CYCLE.java\n+++ /DETECT_CYCLE.java\n@@ -17,4 +17,9 @@\n         while (true) {\n-            if (hare.getSuccessor() == null)\n+            if (hare == null) {\n+                if ( new Node().getSuccessor() == null)\n                 return false;\n+            } else {\n+                if (hare.getSuccessor() == null)\n+                return false;\n+            }\n \n", 
      "locations": [
        {
          "executionCount": 0, 
          "line": 18, 
          "class": "java_programs.DETECT_CYCLE", 
          "sourceStart": 353, 
          "sourceEnd": 356
        }
      ]
    }, 
    {
      "diff": "--- /DETECT_CYCLE.java\n+++ /DETECT_CYCLE.java\n@@ -17,2 +17,5 @@\n         while (true) {\n+            if (hare == null) {\n+                hare = new Node();\n+            }\n             if (hare.getSuccessor() == null)\n", 
      "locations": [
        {
          "executionCount": 0, 
          "line": 18, 
          "class": "java_programs.DETECT_CYCLE", 
          "sourceStart": 353, 
          "sourceEnd": 356
        }
      ]
    }, 
    {
      "diff": "--- /DETECT_CYCLE.java\n+++ /DETECT_CYCLE.java\n@@ -17,2 +17,5 @@\n         while (true) {\n+            if (hare == null) {\n+                return Boolean.FALSE;\n+            }\n             if (hare.getSuccessor() == null)\n", 
      "locations": [
        {
          "executionCount": 0, 
          "line": 18, 
          "class": "java_programs.DETECT_CYCLE", 
          "sourceStart": 353, 
          "sourceEnd": 356
        }
      ]
    }, 
    {
      "diff": "--- /DETECT_CYCLE.java\n+++ /DETECT_CYCLE.java\n@@ -17,2 +17,5 @@\n         while (true) {\n+            if (hare == null) {\n+                return false;\n+            }\n             if (hare.getSuccessor() == null)\n", 
      "locations": [
        {
          "executionCount": 0, 
          "line": 18, 
          "class": "java_programs.DETECT_CYCLE", 
          "sourceStart": 353, 
          "sourceEnd": 356
        }
      ]
    }
  ]
}