{
  "repair_end": "2018-12-02 18:03:39.228612", 
  "repair_begin": "2018-12-02 18:03:35.213728", 
  "patches": [
    {
      "nb_test_that_execute_statement": 1, 
      "patchLocation": {
        "line": 50, 
        "class": "java_programs.Node"
      }, 
      "patchType": "PRECONDITION", 
      "patch": "--- a/src/main/java/Node.java\n+++ b/src/main/java/Node.java\n@@ -49,3 +49,5 @@\n     public void setSuccessors(ArrayList<Node> successors) {\n-        this.successors = successors;\n+        if (false) {\n+            this.successors = successors;\n+        }\n     }\n"
    }
  ]
}