{
  "repair_end": "2018-12-02 18:32:22.632164", 
  "repair_begin": "2018-12-02 18:31:12.771348", 
  "patches": [
    {
      "diff": "--- /tmp/RSRepair_QuixBugs_DEPTH_FIRST_SEARCH_/src/main/java/Node.java\t2018-12-02 12:31:09.099967637 -0500\n+++ /tmp/RSRepair_QuixBugs_DEPTH_FIRST_SEARCH_/patches_tvm8/Patch_17/patched/tmp/RSRepair_QuixBugs_DEPTH_FIRST_SEARCH_/src/main/java/Node.java\t2018-12-02 12:31:18.524015729 -0500\n@@ -47,7 +47,7 @@\n     }\n \n     public void setSuccessors(ArrayList<Node> successors) {\n-        this.successors = successors;\n+        Set<Node> nodesvisited = new HashSet<>();\n     }\n \n     public void setPredecessors(ArrayList<Node> predecessors) {\n\n\n", 
      "edits": [
        {
          "path": "src/main/java/Node.java", 
          "line": 50, 
          "faulty": "this.successors=successors;", 
          "type": "Replace", 
          "seed": "Set<Node> nodesvisited=new HashSet<>();"
        }
      ]
    }, 
    {
      "diff": "--- /tmp/RSRepair_QuixBugs_DEPTH_FIRST_SEARCH_/src/main/java/Node.java\t2018-12-02 12:31:09.099967637 -0500\n+++ /tmp/RSRepair_QuixBugs_DEPTH_FIRST_SEARCH_/patches_tvm8/Patch_108/patched/tmp/RSRepair_QuixBugs_DEPTH_FIRST_SEARCH_/src/main/java/Node.java\t2018-12-02 12:31:33.972094396 -0500\n@@ -47,7 +47,7 @@\n     }\n \n     public void setSuccessors(ArrayList<Node> successors) {\n-        this.successors = successors;\n+        this.value = value;\n     }\n \n     public void setPredecessors(ArrayList<Node> predecessors) {\n\n\n", 
      "edits": [
        {
          "path": "src/main/java/Node.java", 
          "line": 50, 
          "faulty": "this.successors=successors;", 
          "type": "Replace", 
          "seed": "this.value=value;"
        }
      ]
    }, 
    {
      "diff": "--- /tmp/RSRepair_QuixBugs_DEPTH_FIRST_SEARCH_/src/main/java/Node.java\t2018-12-02 12:31:09.099967637 -0500\n+++ /tmp/RSRepair_QuixBugs_DEPTH_FIRST_SEARCH_/patches_tvm8/Patch_1/patched/tmp/RSRepair_QuixBugs_DEPTH_FIRST_SEARCH_/src/main/java/Node.java\t2018-12-02 12:31:15.656001100 -0500\n@@ -47,7 +47,6 @@\n     }\n \n     public void setSuccessors(ArrayList<Node> successors) {\n-        this.successors = successors;\n     }\n \n     public void setPredecessors(ArrayList<Node> predecessors) {\n\n\n", 
      "edits": [
        {
          "path": "src/main/java/Node.java", 
          "line": 50, 
          "faulty": "this.successors=successors;", 
          "type": "Delete", 
          "seed": "return successors;"
        }
      ]
    }, 
    {
      "diff": "--- /tmp/RSRepair_QuixBugs_DEPTH_FIRST_SEARCH_/src/main/java/Node.java\t2018-12-02 12:31:09.099967637 -0500\n+++ /tmp/RSRepair_QuixBugs_DEPTH_FIRST_SEARCH_/patches_tvm8/Patch_5/patched/tmp/RSRepair_QuixBugs_DEPTH_FIRST_SEARCH_/src/main/java/Node.java\t2018-12-02 12:31:16.368004733 -0500\n@@ -47,7 +47,7 @@\n     }\n \n     public void setSuccessors(ArrayList<Node> successors) {\n-        this.successors = successors;\n+        this.successors = new ArrayList<>();\n     }\n \n     public void setPredecessors(ArrayList<Node> predecessors) {\n\n\n", 
      "edits": [
        {
          "path": "src/main/java/Node.java", 
          "line": 50, 
          "faulty": "this.successors=successors;", 
          "type": "Replace", 
          "seed": "this.successors=new ArrayList<>();"
        }
      ]
    }, 
    {
      "diff": "--- /tmp/RSRepair_QuixBugs_DEPTH_FIRST_SEARCH_/src/main/java/Node.java\t2018-12-02 12:31:09.099967637 -0500\n+++ /tmp/RSRepair_QuixBugs_DEPTH_FIRST_SEARCH_/patches_tvm8/Patch_96/patched/tmp/RSRepair_QuixBugs_DEPTH_FIRST_SEARCH_/src/main/java/Node.java\t2018-12-02 12:31:32.196085363 -0500\n@@ -47,7 +47,7 @@\n     }\n \n     public void setSuccessors(ArrayList<Node> successors) {\n-        this.successors = successors;\n+        Set<Node> nodesvisited = new HashSet<>();\n     }\n \n     public void setPredecessors(ArrayList<Node> predecessors) {\n@@ -59,7 +59,8 @@\n     }\n \n     public ArrayList<Node> getSuccessors() {\n-        return successors;\n+        Set<Node> nodesvisited = new HashSet<>();\n+\t\treturn successors;\n     }\n     public ArrayList<Node> getPredecessors() {\n         return predecessors;\n\n\n", 
      "edits": [
        {
          "path": "src/main/java/Node.java", 
          "line": 50, 
          "faulty": "this.successors=successors;", 
          "type": "Replace", 
          "seed": "Set<Node> nodesvisited=new HashSet<>();"
        }, 
        {
          "path": "src/main/java/Node.java", 
          "line": 62, 
          "faulty": "return successors;", 
          "type": "InsertBefore", 
          "seed": "Set<Node> nodesvisited=new HashSet<>();"
        }
      ]
    }, 
    {
      "diff": "--- /tmp/RSRepair_QuixBugs_DEPTH_FIRST_SEARCH_/src/main/java/Node.java\t2018-12-02 12:31:09.099967637 -0500\n+++ /tmp/RSRepair_QuixBugs_DEPTH_FIRST_SEARCH_/patches_tvm8/Patch_45/patched/tmp/RSRepair_QuixBugs_DEPTH_FIRST_SEARCH_/src/main/java/Node.java\t2018-12-02 12:31:23.448040826 -0500\n@@ -47,7 +47,7 @@\n     }\n \n     public void setSuccessors(ArrayList<Node> successors) {\n-        this.successors = successors;\n+        this.predecessors = new ArrayList<>();\n     }\n \n     public void setPredecessors(ArrayList<Node> predecessors) {\n\n\n", 
      "edits": [
        {
          "path": "src/main/java/Node.java", 
          "line": 50, 
          "faulty": "this.successors=successors;", 
          "type": "Replace", 
          "seed": "this.predecessors=new ArrayList<>();"
        }
      ]
    }, 
    {
      "diff": "--- /tmp/RSRepair_QuixBugs_DEPTH_FIRST_SEARCH_/src/main/java/Node.java\t2018-12-02 12:31:09.099967637 -0500\n+++ /tmp/RSRepair_QuixBugs_DEPTH_FIRST_SEARCH_/patches_tvm8/Patch_33/patched/tmp/RSRepair_QuixBugs_DEPTH_FIRST_SEARCH_/src/main/java/Node.java\t2018-12-02 12:31:21.440030593 -0500\n@@ -47,7 +47,7 @@\n     }\n \n     public void setSuccessors(ArrayList<Node> successors) {\n-        this.successors = successors;\n+        this.successor = null;\n     }\n \n     public void setPredecessors(ArrayList<Node> predecessors) {\n\n\n", 
      "edits": [
        {
          "path": "src/main/java/Node.java", 
          "line": 50, 
          "faulty": "this.successors=successors;", 
          "type": "Replace", 
          "seed": "this.successor=null;"
        }
      ]
    }
  ]
}