{
  "repair_end": "2018-12-02 15:07:10.615110", 
  "repair_begin": "2018-12-02 15:05:48.145180", 
  "patches": [
    {
      "PATCH_DIFF_ORIG": "\\/var\\/lib\\/oar\\/.batch_job_bashrc: line 5: \\/home\\/tdurieux\\/.bashrc: No such file or directory\\n--- java_programs\\/LIS.java\\n+++ java_programs\\/LIS.java\\n@@ -26,8 +26,8 @@\\n \\n \\t\\t\\tint length = (!(prefix_lengths.isEmpty())) ? java.util.Collections.max(prefix_lengths) : 0;\\n \\n-\\t\\t\\tif ((length == longest) || (val < (arr[ends.get((length + 1))]))) {\\n-\\t\\t\\t\\tends.put((length + 1), i);\\n+\\n+\\t\\t\\tends.put((length + 1), i); \\t\\t\\tif ((length == longest) || (val < (arr[ends.get((length + 1))]))) { \\t\\t\\t\\tends.put((length + 1), i);\\n \\t\\t\\t\\tlongest = length + 1;\\n \\t\\t\\t}\\n \\n\\n", 
      "patchhunks": [
        {
          "MODIFIED_FILE_PATH": "\\/tmp\\/jGenProg_QuixBugs_LIS_\\/.\\/output_astor\\/AstorMain-LIS-\\/\\/src\\/\\/variant-1330_f\\/java_programs\\/LIS.java", 
          "ORIGINAL_CODE": "if ((length == longest) || (val < (arr[ends.get((length + 1))]))) {\\n\\tends.put((length + 1), i);\\n\\tlongest = length + 1;\\n}", 
          "INGREDIENT_SCOPE": "LOCAL", 
          "PATCH_HUNK_CODE": "ends.put((length + 1), i)", 
          "INGREDIENT_PARENT": "ends.put((length + 1), i)", 
          "LOCATION": "java_programs.LIS", 
          "BUGGY_CODE_TYPE": "CtIfImpl|CtBlockImpl", 
          "OPERATOR": "InsertBeforeOp", 
          "PATH": "\\/tmp\\/jGenProg_QuixBugs_LIS_\\/output_astor\\/AstorMain-LIS-\\/src\\/default\\/LIS.java", 
          "LINE": "29", 
          "MP_RANKING": "9", 
          "SUSPICIOUNESS": "1", 
          "PATCH_HUNK_TYPE": "CtInvocationImpl|CtBlockImpl"
        }
      ], 
      "GENERATION": "665", 
      "VARIANT_ID": "1330", 
      "TIME": "77", 
      "VALIDATION": "|true|0|4|[]|", 
      "FOLDER_SOLUTION_CODE": "\\/tmp\\/jGenProg_QuixBugs_LIS_\\/.\\/output_astor\\/AstorMain-LIS-\\/\\/bin\\/\\/variant-1330"
    }
  ]
}